split,energy_GeV,method,entries,mean_GeV,std_GeV,median_GeV,mpv_GeV,sigma68_GeV,response_mpv,resolution_sigma68_over_mpv,resolution_error,mpv_error_GeV,gauss90_mean_GeV,gauss90_sigma_GeV,response_gauss90,resolution_gauss90,resolution_gauss90_error,mean90_GeV,rms90_GeV,rms90_over_mean90,resolution_improvement_vs_S_percent,fit_strategy,role
calibration,5,S_EM_unweighted,2464,3.857843093428906,0.6915178741934915,3.8944915533065796,3.8145454103499654,0.614309549331665,0.7629090820699931,0.1610439733303123,0.002294083004509119,0.012375618546788448,3.9005370446429586,0.4966179523879179,0.7801074089285918,0.12732040401205227,0.001912054045151827,3.9005370446429586,0.4966179523879179,0.12732040401205227,,two_stage_fit_to_per_energy_p_i,primary
calibration,5,CALICE_local_SC,2464,4.781618086228687,0.7731904708308757,4.823932837009769,4.92579044764828,0.7099674067572757,0.9851580895296561,0.1441326857694962,0.0020531804946209552,0.014302701001864017,4.8673101136937165,0.5828220921644041,0.9734620227387433,0.11974213242026417,0.001798246168364333,4.8673101136937165,0.5828220921644041,0.11974213242026417,10.50103720809837,two_stage_fit_to_per_energy_p_i,primary
calibration,10,S_EM_unweighted,2487,7.946174840108429,1.3557339186615494,8.112747192382812,8.473514530435203,1.0002522468566895,0.8473514530435203,0.11804455438932446,0.0016737595446971627,0.020057261788166032,8.136027191301817,0.8149791045142767,0.8136027191301818,0.10016917167946125,0.0014972318033774836,8.136027191301817,0.8149791045142767,0.10016917167946125,,two_stage_fit_to_per_energy_p_i,primary
calibration,10,CALICE_local_SC,2487,9.880261289314504,1.4847027379263897,10.073554463316357,10.136553427463978,1.0691751637591347,1.013655342746398,0.10547718920538725,0.00149556625541645,0.021439318156307757,10.127006403475145,0.8655779042384435,1.0127006403475145,0.08547223826593169,0.0012775562709764353,10.127006403475145,0.8655779042384435,0.08547223826593169,10.646289656436501,two_stage_fit_to_per_energy_p_i,primary
calibration,20,S_EM_unweighted,2491,15.651156611157344,3.0671296594260045,16.22653579711914,16.54302924312651,1.7408595085144043,0.8271514621563256,0.1052322088614887,0.0014908941988677731,0.03488003083337771,16.263203326556216,1.4704454654394752,0.8131601663278107,0.09041548801387621,0.0013505382992096786,16.263203326556216,1.4704454654394752,0.09041548801387621,,two_stage_fit_to_per_energy_p_i,primary
calibration,20,CALICE_local_SC,2491,20.153515118826075,3.7075142761443147,20.98150521107509,21.65757259692863,1.7509945970902763,1.0828786298464315,0.08084906973086142,0.0011454421640455543,0.035083098456179226,21.056103933590666,1.50234656142857,1.0528051966795333,0.07134969347448396,0.001065752071806247,21.056103933590666,1.50234656142857,0.07134969347448396,23.170794754219635,two_stage_fit_to_per_energy_p_i,primary
calibration,30,S_EM_unweighted,2502,23.56333832660739,4.5472369181402685,24.42554759979248,25.26647971794009,2.4641942977905273,0.842215990598003,0.09752820041807655,0.0013787056654370343,0.04926418422168094,24.489600289143212,2.148152732116462,0.816320009638107,0.08771693726127439,0.0013073164141421732,24.489600289143212,2.148152732116462,0.08771693726127439,,two_stage_fit_to_per_energy_p_i,primary
calibration,30,CALICE_local_SC,2502,30.42386116099931,5.598328053748261,31.76376533314611,31.98044202362751,2.222741635885008,1.066014734120917,0.06950315552995863,0.0009825301183056028,0.04443706144666513,31.801816279760477,2.0244830096436113,1.0600605426586827,0.0636593517752018,0.0009487667728466572,31.801816279760477,2.0244830096436113,0.0636593517752018,28.73532451945414,two_stage_fit_to_per_energy_p_i,primary
calibration,40,S_EM_unweighted,2556,31.069022015926425,6.394780625693411,32.492488861083984,32.89111183650792,3.347850799560547,0.8222777959126979,0.10178588112806075,0.0014236135663411892,0.06621946538813472,32.69682187259016,2.8938483605064653,0.817420546814754,0.08850549364653655,0.001304942311370017,32.69682187259016,2.8938483605064653,0.08850549364653655,,two_stage_fit_to_per_energy_p_i,primary
calibration,40,CALICE_local_SC,2556,38.736947362603736,7.517511613912963,40.88509667212452,41.30221184729577,2.369574377110048,1.0325552961823943,0.05737160968209004,0.0008024197556780633,0.0468694568080055,40.797345521787726,2.399568056170595,1.019933638044693,0.05881676921575968,0.0008672059507882742,40.797345521787726,2.399568056170595,0.05881676921575968,43.63500217686518,two_stage_fit_to_per_energy_p_i,primary
calibration,50,S_EM_unweighted,2509,38.75716350286688,8.135243203289889,40.63603973388672,40.355865650027994,4.245796203613281,0.8071173130005599,0.10520889925725918,0.0014852075502442522,0.0847634868661397,40.74252567401023,3.778961774937049,0.8148505134802047,0.09275227081338404,0.0013802176742806417,40.74252567401023,3.778961774937049,0.09275227081338404,,two_stage_fit_to_per_energy_p_i,primary
calibration,50,CALICE_local_SC,2509,45.38701924381024,8.675179071818349,48.067364611456895,49.25331743488293,2.3195592419154885,0.9850663486976586,0.04709447734118911,0.0006648208831736719,0.04630790549249938,47.687481917735965,2.664949160057467,0.9537496383547193,0.05588362087674663,0.0008315867693640807,47.687481917735965,2.664949160057467,0.05588362087674663,55.237173210953735,two_stage_fit_to_per_energy_p_i,primary
application,5,S_EM_unweighted,2536,3.8879730232788563,0.7032466191012355,3.9508970975875854,3.9520741946995255,0.6536798477172852,0.790414838939905,0.16540171452094515,0.0023224714535801817,0.012980471611683014,3.9466611239349323,0.5240951804447002,0.7893322247869865,0.1327945734348133,0.001965655972833258,3.9466611239349323,0.5240951804447002,0.1327945734348133,,two_stage_fit_to_per_energy_p_i,primary
application,5,CALICE_local_SC,2536,4.811690348458602,0.7763441975136238,4.85575833248599,4.746564691980191,0.7458608505509772,0.9493129383960381,0.1571369819969347,0.002206423047346404,0.014810959264924416,4.884886837828265,0.600474907921233,0.976977367565653,0.12292503958765064,0.0018195648513818347,4.884886837828265,0.600474907921233,0.12292503958765064,4.996763514784403,two_stage_fit_to_per_energy_p_i,primary
application,10,S_EM_unweighted,2513,7.945371528664197,1.3617133543121227,8.101106643676758,8.151331170573831,0.9885642528533936,0.8151331170573831,0.12127641880409594,0.0017106655991950893,0.01972007933193411,8.16832900785114,0.8013442082889767,0.8168329007851141,0.09810381138158733,0.0014588834624495747,8.16832900785114,0.8013442082889767,0.09810381138158733,,two_stage_fit_to_per_energy_p_i,primary
application,10,CALICE_local_SC,2513,9.878070210407268,1.470140182092188,10.093079310696542,10.171092451618541,0.983396628135635,1.0171092451618542,0.09668544778384602,0.0013637974397460724,0.01961699451059071,10.0744546915809,0.8212789214402607,1.00744546915809,0.08152093056973035,0.0012122825380258464,10.0744546915809,0.8212789214402607,0.08152093056973035,20.276795161615862,two_stage_fit_to_per_energy_p_i,primary
application,20,S_EM_unweighted,2509,15.617048650207915,3.1114797328842125,16.189626693725586,16.423612497001887,1.7466793060302734,0.8211806248500944,0.10635171198474927,0.0015013403498778002,0.03487087493508445,16.301449063500772,1.4982605661339117,0.8150724531750386,0.09190965541146542,0.0013676789767355533,16.301449063500772,1.4982605661339117,0.09190965541146542,,two_stage_fit_to_per_energy_p_i,primary
application,20,CALICE_local_SC,2509,20.130100349571055,3.8251901327757905,21.013144366946836,21.369518119742754,1.828301117166422,1.0684759059871376,0.08555649719949937,0.0012077795368092895,0.03650038068252037,21.056190403466918,1.608090190862647,1.0528095201733458,0.07637137393086424,0.0011364586460697657,21.056190403466918,1.608090190862647,0.07637137393086424,19.553248741526524,two_stage_fit_to_per_energy_p_i,primary
application,30,S_EM_unweighted,2498,23.51250778884292,4.6556428398409615,24.41797637939453,24.60592505328357,2.4833593368530273,0.820197501776119,0.10092525810248423,0.001427869950200774,0.04968706553983251,24.52129981336513,2.115231785133775,0.8173766604455043,0.08626099763198057,0.0012864749238289464,24.52129981336513,2.115231785133775,0.08626099763198057,,two_stage_fit_to_per_energy_p_i,primary
application,30,CALICE_local_SC,2498,30.432503851627803,5.7290822695588615,31.77224540379393,31.518207421877328,2.2405022060192064,1.0506069140625776,0.07108596551922033,0.001005709729697532,0.0448279788996175,31.842370545954974,2.0177061658398285,1.0614123515318326,0.0633654508519669,0.0009450164708963301,31.842370545954974,2.0177061658398285,0.0633654508519669,29.565733240893657,two_stage_fit_to_per_energy_p_i,primary
application,40,S_EM_unweighted,2444,30.921383442640696,6.510273623177105,32.36638069152832,32.77249380663037,3.3622827529907227,0.8193123451657593,0.10259465675176913,0.0014674359153689384,0.068011700251773,32.612957481904466,2.970900429092743,0.8153239370476116,0.09109570730410355,0.001373631684229366,32.612957481904466,2.970900429092743,0.09109570730410355,,two_stage_fit_to_per_energy_p_i,primary
application,40,CALICE_local_SC,2444,38.634422893470656,7.690649769398296,40.81830591743696,40.92453929904884,2.4514019901636033,1.023113482476221,0.05990053967988293,0.0008567717467871609,0.04958655461183541,40.73955734362024,2.560777620444301,1.018488933590506,0.06285727650021498,0.0009478245368557758,40.73955734362024,2.560777620444301,0.06285727650021498,41.614367086568556,two_stage_fit_to_per_energy_p_i,primary
application,50,S_EM_unweighted,2491,38.4847376644731,8.583442894704236,40.62790298461914,41.39052154868841,4.270355224609375,0.8278104309737683,0.1031722980244663,0.0014617100816632785,0.0855612536079721,40.68356604069923,3.918454565506896,0.8136713208139846,0.09631541545760597,0.0014386656560414243,40.68356604069923,3.918454565506896,0.09631541545760597,,two_stage_fit_to_per_energy_p_i,primary
application,50,CALICE_local_SC,2491,45.094361662964815,9.246831653742918,48.05108325645259,48.71700558163005,2.5182099469297157,0.9743401116326009,0.05169057327856926,0.0007323344883751803,0.05045510000332124,47.707071965468195,2.7582214164804197,0.9541414393093639,0.05781577663112301,0.0008635956333819723,47.707071965468195,2.7582214164804197,0.05781577663112301,49.89878652667856,two_stage_fit_to_per_energy_p_i,primary
